Maria Silva;maria.silva@empresa.com.br
João Santos;joao.santos@email.com
Ana Oliveira;ana.oliveira@provedor.net
Carlos Pereira;carlos.pereira@exemplo.com.br
Juliana Costa;juliana.costa@corporacao.com
Marcos Souza;marcos.souza@email.com
Fernanda Lima;fernanda.lima@empresa.com.br
Ricardo Alves;ricardo.alves@exemplo.com
Patrícia Ferreira;patricia.ferreira@provedor.net
Lucas Martins;lucas.martins@corporacao.com
Beatriz Almeida;beatriz.almeida@email.com
Felipe Gomes;felipe.gomes@provedor.net
Camila Ribeiro;camila.ribeiro@empresa.com.br
Gustavo Carvalho;gustavo.carvalho@exemplo.com
Laura Lopes;laura.lopes@corporacao.com
Rafael Soares;rafael.soares@email.com
Isabela Fernandes;isabela.fernandes@empresa.com.br
Daniel Vieira;daniel.vieira@exemplo.com
Sofia Barbosa;sofia.barbosa@provedor.net
Thiago Barros;thiago.barros@corporacao.com
Amanda Freitas;amanda.freitas@email.com
Bruno Correia;bruno.correia@provedor.net
Gabriela Cunha;gabriela.cunha@empresa.com.br
Leonardo Dias;leonardo.dias@exemplo.com
Mariana Rocha;mariana.rocha@corporacao.com
Eduardo Azevedo;eduardo.azevedo@email.com
Larissa Moreira;larissa.moreira@empresa.com.br
Vinicius Nunes;vinicius.nunes@exemplo.com
Letícia Mendes;leticia.mendes@provedor.net
Rodrigo Pinto;rodrigo.pinto@corporacao.com
Carolina Cardoso;carolina.cardoso@email.com
Diego Teixeira;diego.teixeira@provedor.net
Jéssica Castro;jessica.castro@empresa.com.br
Alexandre Ramos;alexandre.ramos@exemplo.com
Vanessa Melo;vanessa.melo@corporacao.com
André Rezende;andre.rezende@email.com
Bárbara Monteiro;barbara.monteiro@empresa.com.br
Caio Duarte;caio.duarte@exemplo.com
Débora Farias;debora.farias@provedor.net
Erick Machado;erick.machado@corporacao.com
Flávia Siqueira;flavia.siqueira@email.com
Guilherme Neves;guilherme.neves@provedor.net
Helena Brandão;helena.brandao@empresa.com.br
Igor Pires;igor.pires@exemplo.com
Júlia Peixoto;julia.peixoto@corporacao.com
Kauã Dantas;kaua.dantas@email.com
Lorena Borges;lorena.borges@empresa.com.br
Marcelo Campos;marcelo.campos@exemplo.com
Natália Arantes;natalia.arantes@provedor.net
Otávio Arruda;otavio.arruda@corporacao.com
Priscila Caldeira;priscila.caldeira@email.com
Renan Chaves;renan.chaves@provedor.net
Sandra Drummond;sandra.drummond@empresa.com.br
Tiago Esteves;tiago.esteves@exemplo.com
Yasmin Figueiredo;yasmin.figueiredo@corporacao.com
Arthur Galvão;arthur.galvao@email.com
Bianca Guerra;bianca.guerra@empresa.com.br
César Henriques;cesar.henriques@exemplo.com
Diana Isidoro;diana.isidoro@provedor.net
Enzo Jasmim;enzo.jasmim@corporacao.com
Fátima Lacerda;fatima.lacerda@email.com
Gabriel Maciel;gabriel.maciel@provedor.net
Heitor Noronha;heitor.noronha@empresa.com.br
Isadora Quintela;isadora.quintela@exemplo.com
João Vitor Queiroz;joao.queiroz@corporacao.com
Lívia Tavares;livia.tavares@email.com
Miguel Uchoa;miguel.uchoa@empresa.com.br
Nicole Viana;nicole.viana@exemplo.com
Pedro Xavier;pedro.xavier@provedor.net
Raquel Zago;raquel.zago@corporacao.com
Samuel Abreu;samuel.abreu@email.com
Valentina Benites;valentina.benites@provedor.net
Alice Cordeiro;alice.cordeiro@empresa.com.br
Bernardo Damasceno;bernardo.damasceno@exemplo.com
Cecília Evangelista;cecilia.evangelista@corporacao.com
Davi Franco;davi.franco@email.com
Eloá Guedes;eloa.guedes@empresa.com.br
Francisco Hernandes;francisco.hernandes@exemplo.com
Heloísa Ibanez;heloisa.ibanez@provedor.net
Isaac Jardim;isaac.jardim@corporacao.com
Joaquim Kramer;joaquim.kramer@email.com
Liz Leal;liz.leal@provedor.net
Luiza Magalhães;luiza.magalhaes@empresa.com.br
Manuela Nogueira;manuela.nogueira@exemplo.com
Nicolas Otero;nicolas.otero@corporacao.com
Olívia Pacheco;olivia.pacheco@email.com
Pietro Quintanilha;pietro.quintanilha@empresa.com.br
Rafaela Rangel;rafaela.rangel@exemplo.com
Sophia Sampaio;sophia.sampaio@provedor.net
Theo Trindade;theo.trindade@corporacao.com
Vicente Valente;vicente.valente@email.com
Yasmin Vasconcelos;yasmin.vasconcelos@provedor.net
Agatha Werner;agatha.werner@empresa.com.br
Benício Yoshimoto;benicio.yoshimoto@exemplo.com
Catarina Zamboni;catarina.zamboni@corporacao.com
Davi Lucca Andrade;davi.andrade@email.com
Emanuelly Beltrão;emanuelly.beltrao@empresa.com.br
Felipe Camargo;felipe.camargo@exemplo.com
Giovanna Diniz;giovanna.diniz@provedor.net
Henry Escobar;henry.escobar@corporacao.com
Isabel Falcão;isabel.falcao@email.com
José Gadelha;jose.gadelha@provedor.net
Kevin Hidalgo;kevin.hidalgo@empresa.com.br
Levi Inácio;levi.inacio@exemplo.com
Lorenzo Justo;lorenzo.justo@corporacao.com
Mathias Klein;mathias.klein@email.com
Noah Lins;noah.lins@empresa.com.br
Otto Marinho;otto.marinho@exemplo.com
Ravi Novais;ravi.novais@provedor.net
Théo Ornelas;theo.ornelas@corporacao.com
Anthony Padilha;anthony.padilha@email.com
Benjamin Quintão;benjamin.quintao@provedor.net
Dante Rabelo;dante.rabelo@empresa.com.br
Esther Salgado;esther.salgado@exemplo.com
Frederico Telles;frederico.telles@corporacao.com
Gael Valadares;gael.valadares@email.com
Hugo Vergueiro;hugo.vergueiro@empresa.com.br
Ian Waldo;ian.waldo@exemplo.com
Lucca Yunes;lucca.yunes@provedor.net
Matheus Zanetti;matheus.zanetti@corporacao.com
Nathan Aguiar;nathan.aguiar@email.com
Otávio Bezerra;otavio.bezerra@provedor.net
Pietra Cintra;pietra.cintra@empresa.com.br
Ryan Dutra;ryan.dutra@exemplo.com
Sérgio Esteves;sergio.esteves@corporacao.com
Tomás Fortes;tomas.fortes@email.com
Vitor Goulart;vitor.goulart@empresa.com.br
Yago Hermes;yago.hermes@exemplo.com
Yuri Iglésias;yuri.iglesias@provedor.net
Zion Junker;zion.junker@corporacao.com
Adriana Lacerda;adriana.lacerda@email.com
Bento Meireles;bento.meireles@provedor.net
Clarice Naves;clarice.naves@empresa.com.br
Elisa Padrão;elisa.padrao@exemplo.com
Fabrício Queiroz;fabricio.queiroz@corporacao.com
Gisele Ramalho;gisele.ramalho@email.com
Heloísa Sales;heloisa.sales@empresa.com.br
Icaro Taveira;icaro.taveira@exemplo.com
Jorge Valim;jorge.valim@provedor.net
Laís Xavier;lais.xavier@corporacao.com
Mirella Zagury;mirella.zagury@email.com
Nair Assunção;nair.assuncao@provedor.net
Paulo Belmonte;paulo.belmonte@empresa.com.br
Rebeca Castanheira;rebeca.castanheira@exemplo.com
Sueli Dantas;sueli.dantas@corporacao.com
Tainá Espósito;taina.esposito@email.com
Ulisses Furtado;ulisses.furtado@empresa.com.br
Vitória Gurgel;vitoria.gurgel@exemplo.com
Washington Horta;washington.horta@provedor.net
Xavier Infante;xavier.infante@corporacao.com
Yolanda Junqueira;yolanda.junqueira@email.com
Augusto Lemos;augusto.lemos@provedor.net
Calebe Morais;calebe.morais@empresa.com.br
Dimitri Negrão;dimitri.negrao@exemplo.com
Elias Parente;elias.parente@corporacao.com
Fabiana Quintino;fabiana.quintino@email.com
Geraldo Roldão;geraldo.roldao@empresa.com.br
Hélio Santana;helio.santana@exemplo.com
Ícaro Toledo;icaro.toledo@provedor.net
Jonas Valério;jonas.valerio@corporacao.com
Levi Ximenes;levi.ximenes@email.com
Moisés Zampieri;moises.zampieri@provedor.net
Nelson Antunes;nelson.antunes@empresa.com.br
Oscar Botelho;oscar.botelho@exemplo.com
Plínio Caires;plinio.caires@corporacao.com
Raul Dorneles;raul.dorneles@email.com
Silvio Fagundes;silvio.fagundes@empresa.com.br
Tales Gouveia;tales.gouveia@exemplo.com
Ubirajara Holanda;ubirajara.holanda@provedor.net
Valdir Ipanema;valdir.ipanema@corporacao.com
Wilson Jales;wilson.jales@email.com
Abelardo Lira;abelardo.lira@provedor.net
Bartolomeu Macedo;bartolomeu.macedo@empresa.com.br
Cláudio Negreiros;claudio.negreiros@exemplo.com
Domênico Oiticica;domenico.oiticica@corporacao.com
Eliseu Portela;eliseu.portela@email.com
Fábio Quintanilha;fabio.quintanilha@empresa.com.br
Gúbio Resende;gubio.resende@exemplo.com
Horácio Sampaio;horacio.sampaio@provedor.net
Ítalo Tasso;italo.tasso@corporacao.com
Jader Valença;jader.valenca@email.com
Lauro Vilar;lauro.vilar@provedor.net
Márcio Xisto;marcio.xisto@empresa.com.br
Nilo Zandoná;nilo.zandona@exemplo.com
Osvaldo Aragão;osvaldo.aragao@corporacao.com